<?xml version='1.0'?>
<MonitoredElements>
  <CheckBlades>false</CheckBlades>
  <RegKey>HKEY_LOCAL_MACHINE\SOFTWARE\CheckPoint\TRAC\Watchdog</RegKey>
  <MonitoredElement>
    <ProcessIdentifier>@trGuiPath</ProcessIdentifier>    
	<BladeIdentifier>vpn</BladeIdentifier>
    <User>true</User>        
    <ValidationTime>30</ValidationTime>
	<ValidExitCode>0</ValidExitCode>
    <RemediationActions>
      <RemediationAction>
        <Event>ProcessTerminated</Event>
        <RemediationAction>Restart</RemediationAction>
        <Parameters>
          <NumberOfConsequtiveRetries>5</NumberOfConsequtiveRetries>
          <DelayBetweenConsequtiveRetries>15</DelayBetweenConsequtiveRetries>
          <ResetFailCountAfter>100</ResetFailCountAfter>
        </Parameters>
      </RemediationAction>
    </RemediationActions>
  </MonitoredElement>
  <MonitoredElement>
    <ProcessIdentifier>@tracPath</ProcessIdentifier>
    <ServiceIdentifier>TracSrvWrapper</ServiceIdentifier>
    <BladeIdentifier>vpn</BladeIdentifier>
    <User>false</User>
    <ValidationTime>30</ValidationTime>
    <RemediationActions>
      <RemediationAction>
        <Event>ServiceTerminated</Event>
        <RemediationAction>Restart</RemediationAction>
        <Parameters>
          <NumberOfConsequtiveRetries>5</NumberOfConsequtiveRetries>
          <DelayBetweenConsequtiveRetries>15</DelayBetweenConsequtiveRetries>
          <ResetFailCountAfter>100</ResetFailCountAfter>
        </Parameters>
      </RemediationAction>
    </RemediationActions>
  </MonitoredElement>
</MonitoredElements>